-- phpMyAdmin SQL Dump
-- version 4.9.2
-- https://www.phpmyadmin.net/
--
-- Servidor: 127.0.0.1
-- Tiempo de generación: 18-02-2020 a las 23:11:43
-- Versión del servidor: 10.4.10-MariaDB
-- Versión de PHP: 7.1.33

SET SQL_MODE = "NO_AUTO_VALUE_ON_ZERO";
SET AUTOCOMMIT = 0;
START TRANSACTION;
SET time_zone = "+00:00";


/*!40101 SET @OLD_CHARACTER_SET_CLIENT=@@CHARACTER_SET_CLIENT */;
/*!40101 SET @OLD_CHARACTER_SET_RESULTS=@@CHARACTER_SET_RESULTS */;
/*!40101 SET @OLD_COLLATION_CONNECTION=@@COLLATION_CONNECTION */;
/*!40101 SET NAMES utf8mb4 */;

--
-- Base de datos: `turnero`
--

-- --------------------------------------------------------

--
-- Estructura de tabla para la tabla `atencion`
--

CREATE TABLE `atencion` (
  `id` int(11) NOT NULL,
  `turno` varchar(5) COLLATE utf8_spanish2_ci NOT NULL,
  `idCaja` int(11) NOT NULL,
  `idUsuario` int(11) NOT NULL,
  `atendido` int(11) NOT NULL,
  `fechaAtencion` datetime NOT NULL,
  `idTurno` int(11) NOT NULL
) ENGINE=MyISAM DEFAULT CHARSET=utf8 COLLATE=utf8_spanish2_ci;

--
-- Volcado de datos para la tabla `atencion`
--

INSERT INTO `atencion` (`id`, `turno`, `idCaja`, `idUsuario`, `atendido`, `fechaAtencion`, `idTurno`) VALUES
(57, '013', 3, 1, 1, '2018-01-09 19:04:59', 0),
(56, '012', 3, 1, 1, '2018-01-09 19:02:24', 0),
(55, '011', 1, 1, 1, '2018-01-08 17:43:00', 0),
(48, '004', 1, 1, 1, '2018-01-08 17:34:08', 0),
(49, '005', 1, 1, 1, '2018-01-08 17:34:43', 0),
(50, '006', 1, 1, 1, '2018-01-08 17:35:56', 0),
(51, '007', 1, 1, 1, '2018-01-08 17:36:16', 0),
(52, '008', 1, 1, 1, '2018-01-08 17:36:46', 0),
(53, '009', 1, 1, 1, '2018-01-08 17:39:22', 0),
(54, '010', 1, 1, 1, '2018-01-08 17:40:31', 0),
(47, '003', 1, 1, 1, '2018-01-08 17:33:58', 0),
(46, '002', 1, 1, 1, '2018-01-08 17:33:15', 0),
(45, '001', 1, 1, 1, '2018-01-08 17:31:19', 0),
(58, '014', 3, 1, 1, '2018-01-10 03:03:02', 0),
(59, '015', 3, 1, 1, '2018-01-10 03:05:20', 0),
(60, '016', 3, 1, 1, '2018-01-10 03:22:05', 0),
(61, '017', 3, 1, 1, '2018-01-10 03:22:45', 0),
(62, '018', 3, 1, 1, '2018-01-10 03:22:56', 0),
(63, '019', 3, 1, 1, '2018-01-10 03:23:08', 0),
(64, '020', 3, 1, 1, '2018-01-10 03:23:09', 0),
(65, '021', 3, 1, 1, '2018-01-10 03:23:16', 0),
(66, '022', 3, 1, 1, '2018-01-10 03:23:39', 0),
(67, '023', 3, 1, 1, '2018-01-10 03:43:15', 0),
(68, '024', 3, 1, 1, '2018-01-10 03:44:02', 0),
(69, '025', 3, 1, 1, '2018-01-10 03:44:39', 0),
(70, '026', 3, 1, 1, '2018-01-10 03:44:51', 0),
(71, '027', 3, 1, 1, '2018-01-10 03:45:45', 0),
(72, '028', 3, 1, 1, '2018-01-10 03:45:55', 0),
(73, '029', 3, 1, 1, '2018-01-10 03:51:49', 0),
(74, '030', 3, 1, 1, '2018-01-10 03:52:13', 0),
(75, '031', 3, 1, 1, '2018-01-10 03:52:34', 0),
(76, '032', 3, 1, 1, '2018-01-10 03:52:48', 0),
(77, '033', 3, 1, 1, '2018-01-10 03:53:02', 0),
(78, '034', 3, 1, 1, '2018-01-10 03:59:40', 0),
(79, '035', 3, 1, 1, '2018-01-10 04:00:13', 0),
(80, '036', 3, 1, 1, '2018-01-10 04:00:50', 0),
(81, '037', 3, 1, 1, '2018-01-10 04:01:19', 0),
(82, '038', 3, 1, 1, '2018-01-10 04:01:38', 0),
(83, '039', 3, 1, 1, '2018-01-10 04:02:01', 0),
(84, '040', 3, 1, 1, '2018-01-10 04:06:34', 0),
(85, '041', 3, 1, 1, '2018-01-10 04:06:35', 0),
(86, '042', 3, 1, 1, '2018-01-10 05:58:45', 0),
(87, '043', 3, 1, 1, '2018-01-10 07:17:44', 0),
(88, '044', 3, 1, 1, '2018-01-10 07:21:02', 0),
(89, '045', 3, 1, 1, '2018-01-10 07:21:22', 0),
(90, '046', 3, 1, 1, '2018-01-10 07:22:49', 0),
(91, '047', 3, 1, 1, '2018-01-10 07:24:28', 0),
(92, '048', 3, 1, 1, '2018-01-10 07:25:03', 0),
(93, '049', 3, 1, 1, '2018-01-10 07:26:57', 0),
(94, '050', 3, 1, 1, '2018-01-10 07:29:39', 0),
(95, '051', 3, 1, 1, '2018-01-10 07:29:52', 0),
(96, '052', 3, 1, 1, '2018-01-10 07:29:54', 0),
(97, '053', 3, 1, 1, '2018-01-10 07:29:54', 0),
(98, '054', 3, 1, 1, '2018-01-10 07:30:01', 0),
(99, '055', 3, 1, 1, '2018-01-11 01:32:02', 0),
(100, '056', 3, 1, 1, '2018-01-11 01:33:03', 0),
(101, '057', 3, 1, 1, '2018-01-11 01:35:48', 0),
(102, '058', 3, 1, 1, '2018-01-11 01:37:32', 0),
(103, '059', 3, 1, 1, '2018-01-11 01:38:22', 0),
(104, '060', 3, 1, 1, '2018-01-11 01:39:49', 0),
(105, '061', 3, 1, 1, '2018-01-11 01:40:54', 0),
(106, '062', 3, 1, 1, '2018-01-11 01:42:39', 0),
(107, '063', 3, 1, 1, '2018-01-11 01:42:41', 0),
(108, '064', 3, 1, 1, '2018-01-11 01:44:24', 0),
(109, '065', 3, 1, 1, '2018-01-11 01:44:28', 0),
(110, '066', 3, 1, 1, '2018-01-11 01:45:06', 0),
(111, '067', 3, 1, 1, '2018-01-11 01:45:07', 0),
(112, '068', 3, 1, 1, '2018-01-11 01:45:20', 0),
(113, '069', 3, 1, 1, '2018-01-11 01:45:22', 0),
(114, '070', 3, 1, 1, '2018-01-11 01:49:22', 0),
(115, '071', 3, 1, 1, '2018-01-11 01:49:27', 0),
(116, '072', 3, 1, 1, '2018-01-11 01:49:30', 0),
(117, '073', 3, 1, 1, '2018-01-11 01:50:48', 0),
(118, '074', 3, 1, 1, '2018-01-11 01:51:03', 0),
(119, '075', 3, 1, 1, '2018-01-11 01:53:11', 0),
(120, '076', 3, 1, 1, '2018-01-11 01:53:16', 0),
(121, '077', 3, 1, 1, '2018-01-11 01:53:31', 0),
(122, '078', 3, 1, 1, '2018-01-11 01:53:32', 0),
(123, '079', 3, 1, 1, '2018-01-11 01:53:33', 0),
(124, '080', 3, 1, 1, '2018-01-11 01:53:35', 0),
(125, '081', 3, 1, 0, '2018-01-11 01:57:02', 0),
(126, '082', 2, 1, 1, '2018-01-11 03:07:31', 0),
(127, '083', 4, 1, 1, '2018-01-11 03:07:53', 0),
(128, '084', 4, 1, 1, '2018-01-11 03:07:56', 0),
(129, '085', 2, 1, 1, '2018-01-11 03:07:59', 0),
(130, '086', 2, 1, 1, '2018-01-11 03:08:00', 0),
(131, '087', 4, 1, 1, '2018-01-11 03:20:56', 0),
(132, '088', 2, 1, 1, '2018-01-11 03:21:12', 0),
(133, '089', 2, 1, 1, '2018-01-11 03:22:03', 0),
(134, '090', 4, 1, 1, '2018-01-11 03:22:21', 0),
(135, '091', 4, 1, 1, '2018-01-11 03:23:33', 0),
(136, '092', 4, 1, 1, '2018-01-11 03:24:01', 0),
(137, '093', 4, 1, 1, '2018-01-11 03:24:33', 0),
(138, '094', 2, 1, 1, '2018-01-11 03:24:44', 0),
(139, '095', 2, 1, 1, '2018-01-11 03:24:48', 0),
(140, '096', 4, 1, 1, '2018-01-11 03:25:24', 0),
(141, '097', 4, 1, 1, '2018-01-11 03:25:29', 0),
(142, '098', 4, 1, 1, '2018-01-11 03:26:06', 0),
(143, '099', 2, 1, 1, '2018-01-11 03:26:15', 0),
(144, '100', 2, 1, 1, '2018-01-11 03:26:21', 0),
(145, '101', 4, 1, 1, '2018-01-11 03:27:09', 0),
(146, '102', 4, 1, 1, '2018-01-11 03:28:11', 0),
(147, '103', 4, 1, 1, '2018-01-11 03:28:20', 0),
(148, '104', 4, 1, 1, '2018-01-11 03:29:16', 0),
(149, '105', 2, 1, 1, '2018-01-11 03:29:22', 0),
(150, '106', 4, 1, 1, '2018-01-11 03:31:24', 0),
(151, '107', 4, 1, 1, '2018-01-11 03:31:25', 0),
(152, '108', 4, 1, 1, '2018-01-11 03:31:26', 0),
(153, '109', 2, 1, 1, '2018-01-11 03:31:29', 0),
(154, '110', 2, 1, 1, '2018-01-11 03:31:30', 0),
(155, '111', 4, 1, 1, '2018-01-11 04:01:28', 0),
(156, '112', 4, 1, 1, '2018-01-11 04:02:28', 0),
(157, '113', 4, 1, 1, '2018-01-11 04:02:30', 0),
(158, '114', 2, 1, 1, '2018-01-11 04:02:34', 0),
(159, '115', 4, 1, 1, '2018-01-11 04:06:14', 0),
(160, '116', 4, 1, 1, '2018-01-11 04:06:29', 0),
(161, '117', 4, 1, 1, '2018-01-11 04:08:42', 0),
(162, '118', 4, 1, 1, '2018-01-11 04:08:56', 0),
(163, '119', 4, 1, 1, '2018-01-11 04:09:02', 0),
(164, '120', 4, 1, 1, '2018-01-11 04:10:18', 0),
(165, '121', 4, 1, 1, '2018-01-11 04:10:25', 0),
(166, '122', 2, 1, 1, '2018-01-11 04:11:20', 0),
(167, '123', 4, 1, 1, '2018-01-11 04:11:35', 0),
(168, '124', 4, 1, 1, '2018-01-11 04:12:55', 0),
(169, '125', 4, 1, 1, '2018-01-11 04:13:13', 0),
(170, '126', 4, 1, 1, '2018-01-11 04:13:17', 0),
(171, '127', 4, 1, 1, '2018-01-11 04:13:20', 0),
(172, '128', 4, 1, 1, '2018-01-11 04:14:43', 0),
(173, '129', 4, 1, 1, '2018-01-11 04:14:45', 0),
(174, '130', 4, 1, 1, '2018-01-11 04:14:46', 0),
(175, '131', 4, 1, 1, '2018-01-11 04:15:22', 0),
(176, '132', 2, 1, 1, '2018-01-11 04:15:30', 0),
(177, '133', 4, 1, 1, '2018-01-11 04:18:15', 0),
(178, '134', 4, 1, 1, '2018-01-11 04:18:16', 0),
(179, '135', 2, 1, 1, '2018-01-11 04:18:20', 0),
(180, '136', 4, 1, 1, '2018-01-11 04:19:37', 0),
(181, '137', 4, 1, 1, '2018-01-11 04:20:39', 0),
(182, '138', 4, 1, 1, '2018-01-11 04:21:19', 0),
(183, '139', 4, 1, 1, '2018-01-11 04:25:01', 0),
(184, '140', 4, 1, 1, '2018-01-11 04:25:05', 0),
(185, '141', 2, 1, 1, '2018-01-11 04:25:16', 0),
(186, '142', 4, 1, 1, '2018-01-11 04:27:32', 0),
(187, '143', 4, 1, 1, '2018-01-11 04:27:38', 0),
(188, '144', 2, 1, 1, '2018-01-11 04:27:43', 0),
(189, '145', 2, 1, 1, '2018-01-11 04:27:51', 0),
(190, '146', 4, 1, 1, '2018-01-11 06:44:27', 0),
(191, '146', 4, 1, 1, '2018-01-11 06:44:27', 0),
(192, '147', 4, 1, 1, '2018-01-11 06:46:22', 0),
(193, '148', 4, 1, 1, '2018-01-11 06:46:29', 0),
(194, '149', 4, 1, 1, '2018-01-11 06:46:33', 0),
(195, '150', 4, 1, 1, '2018-01-11 06:47:05', 0),
(196, '151', 4, 1, 1, '2018-01-11 06:47:09', 0),
(197, '152', 4, 1, 1, '2018-01-11 06:47:16', 0),
(198, '153', 4, 1, 1, '2018-01-11 07:21:34', 0),
(199, '154', 4, 1, 1, '2018-01-11 07:21:40', 0),
(200, '155', 4, 1, 1, '2018-01-11 07:21:45', 0),
(201, '156', 4, 1, 1, '2018-01-11 07:21:48', 0),
(202, '157', 4, 1, 1, '2018-01-11 07:22:30', 0),
(203, '158', 4, 1, 1, '2018-01-11 07:22:49', 0),
(204, '159', 4, 1, 1, '2018-01-11 07:23:52', 0),
(205, '160', 4, 1, 1, '2018-01-11 07:23:57', 0),
(206, '161', 4, 1, 1, '2018-01-11 07:25:05', 0),
(207, '162', 4, 1, 1, '2018-01-11 07:25:41', 0),
(208, '163', 4, 1, 1, '2018-01-11 07:26:00', 0),
(209, '164', 4, 1, 1, '2018-01-11 07:27:19', 0),
(210, '165', 4, 1, 1, '2018-01-11 07:28:36', 0),
(211, '166', 4, 1, 1, '2018-01-11 07:32:59', 0),
(212, '167', 4, 1, 1, '2018-01-11 07:33:46', 0),
(213, '168', 4, 1, 1, '2018-01-11 07:34:19', 0),
(214, '169', 4, 1, 1, '2018-01-11 07:35:11', 0),
(215, '170', 4, 1, 1, '2018-01-11 07:35:18', 0),
(216, '171', 4, 1, 1, '2018-01-11 07:35:22', 0),
(217, '172', 4, 1, 1, '2018-01-11 07:38:39', 0),
(218, '173', 4, 1, 1, '2018-01-11 07:38:40', 0),
(219, '174', 4, 1, 1, '2018-01-11 07:38:51', 0),
(220, '175', 4, 1, 1, '2018-01-11 07:39:12', 0),
(221, '176', 4, 1, 1, '2018-01-11 07:39:17', 0),
(222, '177', 4, 1, 1, '2018-01-11 07:39:24', 0),
(223, '178', 4, 1, 1, '2018-01-11 07:47:11', 0),
(224, '179', 4, 1, 1, '2018-01-11 07:47:41', 0),
(225, '180', 4, 1, 1, '2018-01-11 07:49:28', 0),
(226, '181', 4, 1, 1, '2018-01-11 07:49:33', 0),
(227, '182', 4, 1, 1, '2018-01-11 07:49:39', 0),
(228, '183', 4, 1, 1, '2018-01-11 07:58:56', 0),
(229, '184', 4, 1, 1, '2018-01-11 07:59:01', 0),
(230, '185', 4, 1, 1, '2018-01-11 08:00:14', 0),
(231, '186', 4, 1, 1, '2018-01-11 08:00:15', 0),
(232, '187', 4, 1, 1, '2018-01-11 08:00:17', 0),
(233, '188', 4, 1, 1, '2018-01-11 08:00:46', 0),
(234, '189', 4, 1, 1, '2018-01-11 08:00:49', 0),
(235, '190', 4, 1, 1, '2018-01-11 08:00:53', 0),
(236, '191', 4, 1, 1, '2018-01-11 08:01:52', 0),
(237, '192', 4, 1, 1, '2018-01-11 08:02:06', 0),
(238, '193', 4, 1, 1, '2018-01-11 08:05:37', 0),
(239, '194', 4, 1, 1, '2018-01-11 08:08:10', 0),
(240, '195', 4, 1, 1, '2018-01-11 08:08:12', 0),
(241, '196', 4, 1, 1, '2018-01-11 08:08:32', 0),
(242, '197', 4, 1, 1, '2018-01-11 08:08:35', 0),
(243, '198', 4, 1, 1, '2018-01-11 08:08:41', 0),
(244, '199', 4, 1, 1, '2018-01-11 08:09:06', 0),
(245, '200', 4, 1, 1, '2018-01-11 08:09:08', 0),
(246, '201', 4, 1, 1, '2018-01-11 08:11:55', 0),
(247, '202', 4, 1, 1, '2018-01-11 08:11:58', 0),
(248, '203', 4, 1, 1, '2018-01-11 08:12:01', 0),
(249, '204', 4, 1, 1, '2018-01-11 08:12:13', 0),
(250, '205', 4, 1, 1, '2018-01-11 08:33:20', 0),
(251, '206', 4, 1, 1, '2018-01-11 08:33:21', 0),
(252, '207', 4, 1, 1, '2018-01-11 08:33:23', 0),
(253, '208', 4, 1, 1, '2018-01-11 08:34:59', 0),
(254, '209', 4, 1, 1, '2018-01-11 08:35:01', 0),
(255, '210', 4, 1, 1, '2018-01-11 08:35:06', 0),
(256, '211', 4, 1, 1, '2018-01-11 08:36:29', 0),
(257, '212', 4, 1, 1, '2018-01-11 08:36:54', 0),
(258, '213', 4, 1, 1, '2018-01-11 08:37:22', 0),
(259, '214', 4, 1, 1, '2018-01-11 08:38:19', 0),
(260, '215', 4, 1, 1, '2018-01-11 08:38:21', 0),
(261, '216', 4, 1, 1, '2018-01-11 08:38:32', 0),
(262, '217', 4, 1, 1, '2018-01-11 08:38:33', 0),
(263, '218', 4, 1, 1, '2018-01-11 08:39:44', 0),
(264, '219', 4, 1, 1, '2018-01-11 08:39:46', 0),
(265, '220', 4, 1, 1, '2018-01-11 08:39:51', 0),
(266, '221', 4, 1, 1, '2018-01-11 08:40:18', 0),
(267, '222', 4, 1, 1, '2018-01-11 08:40:21', 0),
(268, '223', 4, 1, 1, '2018-01-11 21:50:48', 0),
(269, '224', 4, 1, 1, '2018-01-11 21:51:41', 0),
(270, '225', 4, 1, 1, '2018-01-11 21:53:04', 0),
(271, '226', 2, 1, 1, '2018-01-11 21:53:20', 0),
(272, '227', 2, 1, 1, '2018-01-11 21:53:23', 0),
(273, '228', 4, 1, 1, '2018-01-11 21:53:27', 0),
(274, '229', 2, 1, 1, '2018-01-11 21:53:30', 0),
(275, '230', 4, 1, 1, '2018-01-11 21:53:34', 0),
(276, '231', 4, 1, 1, '2018-01-11 21:53:36', 0),
(277, '232', 2, 1, 1, '2018-01-11 21:54:10', 0),
(278, '233', 2, 1, 1, '2018-01-11 21:54:18', 0),
(279, '234', 4, 1, 1, '2018-01-11 21:55:41', 0),
(280, '235', 4, 1, 1, '2018-01-11 21:55:48', 0),
(281, '236', 4, 1, 1, '2018-01-11 21:55:49', 0),
(282, '237', 4, 1, 1, '2018-01-11 21:55:50', 0),
(283, '238', 4, 1, 1, '2018-01-11 21:55:50', 0),
(284, '239', 2, 1, 1, '2018-01-11 21:55:54', 0),
(285, '240', 2, 1, 1, '2018-01-11 21:55:56', 0),
(286, '241', 2, 1, 1, '2018-01-11 21:55:59', 0),
(287, '242', 2, 1, 1, '2018-01-11 22:03:28', 0),
(288, '243', 4, 1, 1, '2018-01-11 22:05:27', 0),
(289, '244', 4, 1, 1, '2018-01-11 22:10:50', 0),
(290, '245', 4, 1, 1, '2018-01-11 22:32:31', 0),
(291, '246', 4, 1, 1, '2018-01-11 22:34:07', 0),
(292, '247', 4, 1, 1, '2018-01-11 22:34:31', 0),
(293, '248', 2, 1, 1, '2018-01-11 22:34:37', 0),
(294, '249', 4, 1, 1, '2018-01-11 22:35:12', 0),
(295, '250', 4, 1, 1, '2018-01-11 22:35:14', 0),
(296, '251', 2, 1, 1, '2018-01-11 22:35:18', 0),
(297, '252', 2, 1, 1, '2018-01-11 22:35:20', 0),
(298, '253', 4, 1, 1, '2018-01-11 22:35:26', 0),
(299, '254', 2, 1, 1, '2018-01-11 22:35:29', 0),
(300, '255', 2, 1, 1, '2018-01-11 22:35:37', 0),
(301, '256', 4, 1, 1, '2018-01-11 22:35:41', 0),
(302, '257', 4, 1, 1, '2018-01-11 22:35:48', 0),
(303, '258', 2, 1, 1, '2018-01-11 22:35:51', 0),
(304, '259', 4, 1, 1, '2018-01-11 22:36:06', 0),
(305, '260', 4, 1, 1, '2018-01-11 22:38:39', 0),
(306, '261', 2, 1, 1, '2018-01-11 22:38:48', 0),
(307, '262', 2, 1, 1, '2018-01-11 22:38:49', 0),
(308, '263', 4, 1, 1, '2018-01-11 22:38:53', 0),
(309, '264', 4, 1, 1, '2018-01-11 22:38:54', 0),
(310, '265', 4, 1, 1, '2018-01-11 22:39:26', 0),
(311, '266', 4, 1, 1, '2018-01-11 22:39:27', 0),
(312, '267', 2, 1, 1, '2018-01-11 22:39:33', 0),
(313, '268', 4, 1, 1, '2018-01-11 22:39:52', 0),
(314, '269', 4, 1, 1, '2018-01-11 22:39:56', 0),
(315, '270', 4, 1, 1, '2018-01-11 22:44:11', 0),
(316, '271', 2, 1, 1, '2018-01-11 22:44:19', 0),
(317, '272', 2, 1, 1, '2018-01-11 22:45:23', 0),
(318, '273', 2, 1, 1, '2018-01-11 22:45:27', 0),
(319, '274', 4, 1, 1, '2018-01-11 22:45:32', 0),
(320, '275', 4, 1, 1, '2018-01-11 22:45:36', 0),
(321, '276', 2, 1, 1, '2018-01-11 22:45:40', 0),
(322, '277', 4, 1, 1, '2018-01-11 22:45:44', 0),
(323, '278', 2, 1, 1, '2018-01-11 22:45:49', 0),
(324, '279', 4, 1, 1, '2018-01-11 22:45:55', 0),
(325, '280', 4, 1, 1, '2018-01-11 22:46:16', 0),
(326, '281', 2, 1, 1, '2018-01-11 22:46:41', 0),
(327, '282', 2, 1, 1, '2018-01-11 22:51:26', 0),
(328, '283', 2, 1, 1, '2018-01-11 22:51:28', 0),
(329, '284', 2, 1, 1, '2018-01-11 23:02:40', 0),
(330, '285', 4, 1, 1, '2018-01-11 23:03:15', 0),
(331, '286', 4, 1, 1, '2018-01-11 23:03:16', 0),
(332, '287', 2, 1, 1, '2018-01-11 23:03:20', 0),
(333, '288', 2, 1, 1, '2018-01-11 23:03:21', 0),
(334, '289', 4, 1, 1, '2018-01-11 23:03:25', 0),
(335, '290', 2, 1, 1, '2018-01-11 23:03:27', 0),
(336, '291', 4, 1, 1, '2018-01-11 23:03:32', 0),
(337, '292', 2, 1, 1, '2018-01-11 23:03:39', 0),
(338, '293', 4, 1, 1, '2018-01-11 23:03:43', 0),
(339, '294', 4, 1, 1, '2018-01-11 23:04:00', 0),
(340, '295', 2, 1, 1, '2018-01-11 23:04:11', 0),
(341, '296', 2, 1, 1, '2018-01-11 23:04:28', 0),
(342, '297', 4, 1, 1, '2018-01-11 23:04:46', 0),
(343, '298', 4, 1, 1, '2018-01-12 00:04:19', 0),
(344, '299', 4, 1, 1, '2018-01-12 00:04:28', 0),
(345, '300', 2, 1, 1, '2018-01-12 00:04:38', 0),
(346, '301', 4, 1, 1, '2018-01-12 17:27:53', 0),
(347, '302', 4, 1, 1, '2018-01-12 17:28:26', 0),
(348, '303', 4, 1, 1, '2018-01-12 17:32:12', 0),
(349, '304', 4, 1, 1, '2018-01-12 17:33:58', 0),
(350, '305', 4, 1, 1, '2018-01-12 17:34:02', 0),
(351, '001', 4, 1, 1, '2018-01-13 07:19:46', 0),
(352, '002', 4, 1, 1, '2018-01-13 07:19:48', 0),
(353, '000', 2, 1, 1, '2018-01-26 00:26:03', 0),
(354, '001', 2, 1, 1, '2018-01-26 00:29:43', 0),
(355, '002', 2, 1, 1, '2018-01-26 00:29:43', 0),
(356, '003', 2, 1, 1, '2018-01-26 00:30:30', 0),
(357, '004', 2, 1, 1, '2018-01-26 00:31:10', 0),
(358, '005', 2, 1, 1, '2018-01-26 00:31:12', 0),
(359, '006', 2, 1, 1, '2018-01-26 00:31:14', 0),
(360, '007', 2, 1, 1, '2018-01-26 00:31:16', 0),
(361, '008', 2, 1, 1, '2018-01-26 00:31:19', 0),
(362, '009', 2, 1, 1, '2018-01-26 00:31:26', 0),
(363, '010', 2, 1, 1, '2018-01-28 02:13:11', 0),
(364, '011', 2, 1, 1, '2018-01-28 02:13:37', 0),
(365, '012', 2, 1, 1, '2018-01-28 02:13:47', 0),
(366, '013', 2, 1, 1, '2018-01-28 02:14:43', 0),
(367, '014', 1, 1, 1, '2018-01-28 02:20:55', 0),
(368, '015', 1, 1, 1, '2018-01-28 02:21:00', 0),
(369, '016', 2, 1, 1, '2018-01-28 02:21:33', 0),
(370, '017', 2, 1, 1, '2018-01-28 02:21:39', 0),
(371, '018', 1, 1, 1, '2018-01-28 02:21:42', 0),
(372, '019', 1, 1, 1, '2018-01-28 02:21:43', 0),
(373, '020', 1, 1, 1, '2018-01-28 02:21:53', 0),
(374, '021', 2, 1, 1, '2018-01-28 02:22:17', 0),
(375, '022', 2, 1, 1, '2018-01-28 02:22:18', 0),
(376, '023', 1, 1, 1, '2018-01-28 02:22:21', 0),
(377, '024', 1, 1, 1, '2018-01-28 02:22:25', 0),
(378, '025', 2, 1, 1, '2018-01-28 02:22:45', 0),
(379, '026', 2, 1, 1, '2018-01-28 02:22:47', 0),
(380, '000', 2, 1, 1, '2019-06-28 16:17:35', 0),
(381, '001', 2, 1, 1, '2019-06-28 16:19:59', 0),
(382, '002', 2, 1, 1, '2019-06-28 16:20:16', 0),
(383, '003', 2, 1, 1, '2019-06-28 16:20:22', 0),
(384, '004', 2, 1, 1, '2019-06-28 16:20:25', 0),
(385, '000', 2, 1, 1, '2019-06-28 19:39:54', 0),
(386, '001', 4, 1, 1, '2020-02-13 23:21:16', 0),
(387, '002', 4, 1, 1, '2020-02-13 23:22:16', 0),
(388, '003', 4, 1, 1, '2020-02-13 23:22:42', 0),
(389, '004', 4, 1, 1, '2020-02-13 23:22:49', 0),
(390, '005', 4, 1, 1, '2020-02-13 23:22:51', 0),
(391, '006', 4, 1, 1, '2020-02-13 23:22:53', 0),
(392, '007', 1, 1, 1, '2020-02-14 06:21:05', 0),
(393, '008', 1, 1, 1, '2020-02-14 06:21:55', 0),
(394, '000', 1, 1, 1, '2020-02-14 06:22:42', 0),
(395, '001', 1, 1, 1, '2020-02-14 06:22:56', 0),
(396, '002', 4, 1, 1, '2020-02-14 06:25:40', 0),
(397, '003', 4, 1, 1, '2020-02-14 06:28:33', 0),
(398, '004', 4, 1, 1, '2020-02-14 06:28:52', 0),
(399, '000', 1, 1, 1, '2020-02-14 07:04:12', 0),
(400, '001', 1, 1, 1, '2020-02-14 07:04:14', 0),
(401, '002', 1, 1, 1, '2020-02-14 07:04:25', 0),
(402, '003', 4, 1, 1, '2020-02-14 07:04:40', 0),
(403, '004', 4, 1, 0, '2020-02-14 07:04:58', 0),
(404, '005', 1, 1, 1, '2020-02-14 07:05:10', 0);

-- --------------------------------------------------------

--
-- Estructura de tabla para la tabla `cajas`
--

CREATE TABLE `cajas` (
  `id` int(11) NOT NULL,
  `nombre` varchar(10) COLLATE utf8_spanish2_ci NOT NULL,
  `idUsuario` int(11) NOT NULL,
  `fecha_de_registro` datetime NOT NULL
) ENGINE=MyISAM DEFAULT CHARSET=utf8 COLLATE=utf8_spanish2_ci;

--
-- Volcado de datos para la tabla `cajas`
--

INSERT INTO `cajas` (`id`, `nombre`, `idUsuario`, `fecha_de_registro`) VALUES
(1, 'Caja 1', 8, '0000-00-00 00:00:00'),
(2, 'Caja 2', 9, '0000-00-00 00:00:00'),
(3, 'Caja 3', 10, '0000-00-00 00:00:00'),
(4, 'Caja 4', 11, '0000-00-00 00:00:00'),
(5, 'Caja 5', 12, '2020-02-14 17:27:38');

-- --------------------------------------------------------

--
-- Estructura de tabla para la tabla `info_empresa`
--

CREATE TABLE `info_empresa` (
  `id` int(11) NOT NULL,
  `logo` varchar(100) COLLATE utf8_spanish2_ci NOT NULL,
  `nombre` varchar(100) COLLATE utf8_spanish2_ci NOT NULL,
  `direccion` varchar(100) COLLATE utf8_spanish2_ci NOT NULL,
  `telefono` varchar(100) COLLATE utf8_spanish2_ci NOT NULL,
  `correo` varchar(100) COLLATE utf8_spanish2_ci NOT NULL,
  `fecha_actualizacion` datetime NOT NULL
) ENGINE=MyISAM DEFAULT CHARSET=utf8 COLLATE=utf8_spanish2_ci;

--
-- Volcado de datos para la tabla `info_empresa`
--

INSERT INTO `info_empresa` (`id`, `logo`, `nombre`, `direccion`, `telefono`, `correo`, `fecha_actualizacion`) VALUES
(1, 'img/49550310_598832710562102_5995102219237874750_n.jpg', 'Banco SA de CV', 'Av principal no 23', '12-34-56-78', 'banco@gmail.com', '2020-02-14 17:28:10');

-- --------------------------------------------------------

--
-- Estructura de tabla para la tabla `noticias`
--

CREATE TABLE `noticias` (
  `id` int(11) NOT NULL,
  `noticia` varchar(255) COLLATE utf8_spanish2_ci NOT NULL,
  `fecha` datetime NOT NULL
) ENGINE=MyISAM DEFAULT CHARSET=utf8 COLLATE=utf8_spanish2_ci;

-- --------------------------------------------------------

--
-- Estructura de tabla para la tabla `turnos`
--

CREATE TABLE `turnos` (
  `id` int(11) NOT NULL,
  `turno` varchar(5) COLLATE utf8_spanish2_ci NOT NULL,
  `atendido` int(11) NOT NULL,
  `fechaRegistro` datetime NOT NULL
) ENGINE=MyISAM DEFAULT CHARSET=utf8 COLLATE=utf8_spanish2_ci;

--
-- Volcado de datos para la tabla `turnos`
--

INSERT INTO `turnos` (`id`, `turno`, `atendido`, `fechaRegistro`) VALUES
(94, '021', 2, '2018-01-10 03:23:05'),
(93, '020', 1, '2018-01-10 03:23:04'),
(92, '019', 1, '2018-01-10 03:23:03'),
(91, '018', 1, '2018-01-10 03:22:43'),
(90, '017', 2, '2018-01-10 03:22:42'),
(89, '016', 2, '2018-01-10 03:22:02'),
(88, '015', 1, '2018-01-10 03:03:00'),
(87, '014', 1, '2018-01-10 03:02:58'),
(86, '013', 2, '2018-01-09 19:04:56'),
(85, '012', 2, '2018-01-09 19:02:21'),
(84, '011', 2, '2018-01-08 17:42:57'),
(83, '010', 2, '2018-01-08 17:40:29'),
(82, '009', 2, '2018-01-08 17:39:20'),
(81, '008', 1, '2018-01-08 17:36:43'),
(80, '007', 1, '2018-01-08 17:36:13'),
(76, '003', 4, '2018-01-08 17:33:56'),
(78, '005', 1, '2018-01-08 17:34:40'),
(79, '006', 4, '2018-01-08 17:35:54'),
(77, '004', 4, '2018-01-08 17:34:05'),
(74, '001', 1, '2018-01-08 17:31:10'),
(75, '002', 1, '2018-01-08 17:33:12'),
(95, '022', 2, '2018-01-10 03:23:37'),
(96, '023', 1, '2018-01-10 03:43:09'),
(97, '024', 1, '2018-01-10 03:43:10'),
(98, '025', 2, '2018-01-10 03:44:35'),
(99, '026', 2, '2018-01-10 03:44:37'),
(100, '027', 3, '2018-01-10 03:45:20'),
(101, '028', 3, '2018-01-10 03:45:21'),
(102, '029', 3, '2018-01-10 03:51:45'),
(103, '030', 3, '2018-01-10 03:51:46'),
(104, '031', 3, '2018-01-10 03:52:31'),
(105, '032', 3, '2018-01-10 03:52:31'),
(106, '033', 3, '2018-01-10 03:52:58'),
(107, '034', 3, '2018-01-10 03:53:00'),
(108, '035', 3, '2018-01-10 04:00:09'),
(109, '036', 3, '2018-01-10 04:00:09'),
(110, '037', 3, '2018-01-10 04:01:15'),
(111, '038', 3, '2018-01-10 04:01:15'),
(112, '039', 3, '2018-01-10 04:01:58'),
(113, '040', 3, '2018-01-10 04:06:30'),
(114, '041', 3, '2018-01-10 04:06:31'),
(115, '042', 3, '2018-01-10 05:58:42'),
(116, '043', 3, '2018-01-10 07:17:42'),
(117, '044', 3, '2018-01-10 07:21:00'),
(118, '045', 3, '2018-01-10 07:21:20'),
(119, '046', 3, '2018-01-10 07:22:27'),
(120, '047', 3, '2018-01-10 07:22:47'),
(121, '048', 3, '2018-01-10 07:25:00'),
(122, '049', 3, '2018-01-10 07:26:54'),
(123, '050', 3, '2018-01-10 07:26:55'),
(124, '051', 3, '2018-01-10 07:29:48'),
(125, '052', 3, '2018-01-10 07:29:49'),
(126, '053', 3, '2018-01-10 07:29:49'),
(127, '054', 3, '2018-01-10 07:29:59'),
(128, '055', 3, '2018-01-11 01:31:33'),
(129, '056', 3, '2018-01-11 01:33:00'),
(130, '057', 3, '2018-01-11 01:33:00'),
(131, '058', 3, '2018-01-11 01:33:00'),
(132, '059', 3, '2018-01-11 01:38:18'),
(133, '060', 3, '2018-01-11 01:38:19'),
(134, '061', 3, '2018-01-11 01:40:44'),
(135, '062', 3, '2018-01-11 01:40:44'),
(136, '063', 3, '2018-01-11 01:40:44'),
(137, '064', 3, '2018-01-11 01:44:21'),
(138, '065', 3, '2018-01-11 01:44:21'),
(139, '066', 3, '2018-01-11 01:44:22'),
(140, '067', 3, '2018-01-11 01:44:22'),
(141, '068', 3, '2018-01-11 01:45:17'),
(142, '069', 3, '2018-01-11 01:45:17'),
(143, '070', 3, '2018-01-11 01:49:19'),
(144, '071', 3, '2018-01-11 01:49:19'),
(145, '072', 3, '2018-01-11 01:49:19'),
(146, '073', 3, '2018-01-11 01:50:45'),
(147, '074', 3, '2018-01-11 01:50:45'),
(148, '075', 3, '2018-01-11 01:50:46'),
(149, '076', 3, '2018-01-11 01:50:46'),
(150, '077', 3, '2018-01-11 01:53:26'),
(151, '078', 3, '2018-01-11 01:53:27'),
(152, '079', 3, '2018-01-11 01:53:27'),
(153, '080', 3, '2018-01-11 01:53:29'),
(154, '081', 3, '2018-01-11 01:56:56'),
(155, '082', 2, '2018-01-11 01:56:57'),
(156, '083', 4, '2018-01-11 01:56:57'),
(157, '084', 4, '2018-01-11 01:56:57'),
(158, '085', 2, '2018-01-11 01:56:58'),
(159, '086', 2, '2018-01-11 01:56:59'),
(160, '087', 4, '2018-01-11 01:56:59'),
(161, '088', 2, '2018-01-11 01:56:59'),
(162, '089', 2, '2018-01-11 01:56:59'),
(163, '090', 4, '2018-01-11 01:57:00'),
(164, '091', 4, '2018-01-11 03:23:27'),
(165, '092', 4, '2018-01-11 03:23:28'),
(166, '093', 4, '2018-01-11 03:23:28'),
(167, '094', 2, '2018-01-11 03:23:28'),
(168, '095', 2, '2018-01-11 03:23:28'),
(169, '096', 4, '2018-01-11 03:23:29'),
(170, '097', 4, '2018-01-11 03:23:29'),
(171, '098', 4, '2018-01-11 03:23:29'),
(172, '099', 2, '2018-01-11 03:23:29'),
(173, '100', 2, '2018-01-11 03:23:30'),
(174, '101', 4, '2018-01-11 03:23:30'),
(175, '102', 4, '2018-01-11 03:28:02'),
(176, '103', 4, '2018-01-11 03:28:02'),
(177, '104', 4, '2018-01-11 03:28:03'),
(178, '105', 2, '2018-01-11 03:28:04'),
(179, '106', 4, '2018-01-11 03:28:04'),
(180, '107', 4, '2018-01-11 03:28:05'),
(181, '108', 4, '2018-01-11 03:28:05'),
(182, '109', 2, '2018-01-11 03:28:06'),
(183, '110', 2, '2018-01-11 03:28:07'),
(184, '111', 4, '2018-01-11 04:01:22'),
(185, '112', 4, '2018-01-11 04:01:23'),
(186, '113', 4, '2018-01-11 04:01:23'),
(187, '114', 2, '2018-01-11 04:01:24'),
(188, '115', 4, '2018-01-11 04:01:25'),
(189, '116', 4, '2018-01-11 04:06:19'),
(190, '117', 4, '2018-01-11 04:06:20'),
(191, '118', 4, '2018-01-11 04:06:20'),
(192, '119', 4, '2018-01-11 04:06:20'),
(193, '120', 4, '2018-01-11 04:06:21'),
(194, '121', 4, '2018-01-11 04:06:21'),
(195, '122', 2, '2018-01-11 04:06:22'),
(196, '123', 4, '2018-01-11 04:06:22'),
(197, '124', 4, '2018-01-11 04:06:23'),
(198, '125', 4, '2018-01-11 04:06:24'),
(199, '126', 4, '2018-01-11 04:06:24'),
(200, '127', 4, '2018-01-11 04:06:25'),
(201, '128', 4, '2018-01-11 04:06:25'),
(202, '129', 4, '2018-01-11 04:06:26'),
(203, '130', 4, '2018-01-11 04:06:26'),
(204, '131', 4, '2018-01-11 04:15:17'),
(205, '132', 2, '2018-01-11 04:15:17'),
(206, '133', 4, '2018-01-11 04:15:18'),
(207, '134', 4, '2018-01-11 04:15:18'),
(208, '135', 2, '2018-01-11 04:15:19'),
(209, '136', 4, '2018-01-11 04:19:28'),
(210, '137', 4, '2018-01-11 04:19:28'),
(211, '138', 4, '2018-01-11 04:19:29'),
(212, '139', 4, '2018-01-11 04:19:29'),
(213, '140', 4, '2018-01-11 04:19:29'),
(214, '141', 2, '2018-01-11 04:19:29'),
(215, '142', 4, '2018-01-11 04:19:30'),
(216, '143', 4, '2018-01-11 04:19:30'),
(217, '144', 2, '2018-01-11 04:19:30'),
(218, '145', 2, '2018-01-11 04:27:24'),
(219, '146', 4, '2018-01-11 04:27:24'),
(220, '147', 4, '2018-01-11 04:27:24'),
(221, '148', 4, '2018-01-11 04:27:25'),
(222, '149', 4, '2018-01-11 04:27:25'),
(223, '150', 4, '2018-01-11 04:27:25'),
(224, '151', 4, '2018-01-11 04:27:25'),
(225, '152', 4, '2018-01-11 04:27:26'),
(226, '153', 4, '2018-01-11 04:27:26'),
(227, '154', 4, '2018-01-11 04:27:26'),
(228, '155', 4, '2018-01-11 04:27:26'),
(229, '156', 4, '2018-01-11 04:27:27'),
(230, '157', 4, '2018-01-11 04:27:27'),
(231, '158', 4, '2018-01-11 04:27:28'),
(232, '159', 4, '2018-01-11 04:27:29'),
(233, '160', 4, '2018-01-11 04:27:30'),
(234, '161', 4, '2018-01-11 07:24:51'),
(235, '162', 4, '2018-01-11 07:24:51'),
(236, '163', 4, '2018-01-11 07:24:51'),
(237, '164', 4, '2018-01-11 07:24:52'),
(238, '165', 4, '2018-01-11 07:24:53'),
(239, '166', 4, '2018-01-11 07:24:53'),
(240, '167', 4, '2018-01-11 07:24:54'),
(241, '168', 4, '2018-01-11 07:24:54'),
(242, '169', 4, '2018-01-11 07:24:55'),
(243, '170', 4, '2018-01-11 07:24:55'),
(244, '171', 4, '2018-01-11 07:24:56'),
(245, '172', 4, '2018-01-11 07:24:56'),
(246, '173', 4, '2018-01-11 07:24:56'),
(247, '174', 4, '2018-01-11 07:24:57'),
(248, '175', 4, '2018-01-11 07:24:57'),
(249, '176', 4, '2018-01-11 07:24:57'),
(250, '177', 4, '2018-01-11 07:24:57'),
(251, '178', 4, '2018-01-11 07:24:58'),
(252, '179', 4, '2018-01-11 07:24:58'),
(253, '180', 4, '2018-01-11 07:24:58'),
(254, '181', 4, '2018-01-11 07:24:59'),
(255, '182', 4, '2018-01-11 07:24:59'),
(256, '183', 4, '2018-01-11 07:24:59'),
(257, '184', 4, '2018-01-11 07:24:59'),
(258, '185', 4, '2018-01-11 07:25:00'),
(259, '186', 4, '2018-01-11 07:25:00'),
(260, '187', 4, '2018-01-11 07:25:00'),
(261, '188', 4, '2018-01-11 07:25:01'),
(262, '189', 4, '2018-01-11 07:25:02'),
(263, '190', 4, '2018-01-11 07:25:02'),
(264, '191', 4, '2018-01-11 07:25:03'),
(265, '192', 4, '2018-01-11 08:01:57'),
(266, '193', 4, '2018-01-11 08:01:57'),
(267, '194', 4, '2018-01-11 08:01:58'),
(268, '195', 4, '2018-01-11 08:01:58'),
(269, '196', 4, '2018-01-11 08:01:58'),
(270, '197', 4, '2018-01-11 08:01:58'),
(271, '198', 4, '2018-01-11 08:01:59'),
(272, '199', 4, '2018-01-11 08:01:59'),
(273, '200', 4, '2018-01-11 08:02:00'),
(274, '201', 4, '2018-01-11 08:02:00'),
(275, '202', 4, '2018-01-11 08:02:00'),
(276, '203', 4, '2018-01-11 08:02:00'),
(277, '204', 4, '2018-01-11 08:02:01'),
(278, '205', 4, '2018-01-11 08:02:01'),
(279, '206', 4, '2018-01-11 08:02:01'),
(280, '207', 4, '2018-01-11 08:02:02'),
(281, '208', 4, '2018-01-11 08:02:02'),
(282, '209', 4, '2018-01-11 08:02:02'),
(283, '210', 4, '2018-01-11 08:02:04'),
(284, '211', 4, '2018-01-11 08:36:18'),
(285, '212', 4, '2018-01-11 08:36:19'),
(286, '213', 4, '2018-01-11 08:36:19'),
(287, '214', 4, '2018-01-11 08:36:19'),
(288, '215', 4, '2018-01-11 08:36:20'),
(289, '216', 4, '2018-01-11 08:36:20'),
(290, '217', 4, '2018-01-11 08:36:20'),
(291, '218', 4, '2018-01-11 08:36:21'),
(292, '219', 4, '2018-01-11 08:36:21'),
(293, '220', 4, '2018-01-11 08:36:22'),
(294, '221', 4, '2018-01-11 08:39:58'),
(295, '222', 4, '2018-01-11 08:39:59'),
(296, '223', 4, '2018-01-11 08:39:59'),
(297, '224', 4, '2018-01-11 08:39:59'),
(298, '225', 4, '2018-01-11 08:40:00'),
(299, '226', 2, '2018-01-11 08:40:00'),
(300, '227', 2, '2018-01-11 08:40:00'),
(301, '228', 4, '2018-01-11 08:40:00'),
(302, '229', 2, '2018-01-11 08:40:01'),
(303, '230', 4, '2018-01-11 08:40:01'),
(304, '231', 4, '2018-01-11 08:40:01'),
(305, '232', 2, '2018-01-11 08:40:01'),
(306, '233', 2, '2018-01-11 08:40:02'),
(307, '234', 4, '2018-01-11 08:40:02'),
(308, '235', 4, '2018-01-11 08:40:02'),
(309, '236', 4, '2018-01-11 08:40:03'),
(310, '237', 4, '2018-01-11 08:40:03'),
(311, '238', 4, '2018-01-11 08:40:03'),
(312, '239', 2, '2018-01-11 08:40:04'),
(313, '240', 2, '2018-01-11 08:40:04'),
(314, '241', 2, '2018-01-11 08:40:04'),
(315, '242', 2, '2018-01-11 08:40:04'),
(316, '243', 4, '2018-01-11 08:40:04'),
(317, '244', 4, '2018-01-11 08:40:05'),
(318, '245', 4, '2018-01-11 08:40:05'),
(319, '246', 4, '2018-01-11 08:40:05'),
(320, '247', 4, '2018-01-11 08:40:06'),
(321, '248', 2, '2018-01-11 08:40:06'),
(322, '249', 4, '2018-01-11 08:40:06'),
(323, '250', 4, '2018-01-11 08:40:07'),
(324, '251', 2, '2018-01-11 08:40:08'),
(325, '252', 2, '2018-01-11 08:40:09'),
(326, '253', 4, '2018-01-11 08:40:10'),
(327, '254', 2, '2018-01-11 08:40:10'),
(328, '255', 2, '2018-01-11 08:40:11'),
(329, '256', 4, '2018-01-11 08:40:13'),
(330, '257', 4, '2018-01-11 08:40:14'),
(331, '258', 2, '2018-01-11 08:40:14'),
(332, '259', 4, '2018-01-11 08:40:15'),
(333, '260', 4, '2018-01-11 08:40:16'),
(334, '261', 2, '2018-01-11 21:52:55'),
(335, '262', 2, '2018-01-11 21:52:55'),
(336, '263', 4, '2018-01-11 21:52:56'),
(337, '264', 4, '2018-01-11 21:52:56'),
(338, '265', 4, '2018-01-11 21:52:57'),
(339, '266', 4, '2018-01-11 21:52:57'),
(340, '267', 2, '2018-01-11 21:52:57'),
(341, '268', 4, '2018-01-11 21:52:57'),
(342, '269', 4, '2018-01-11 21:52:58'),
(343, '270', 4, '2018-01-11 21:52:58'),
(344, '271', 2, '2018-01-11 21:52:58'),
(345, '272', 2, '2018-01-11 21:52:59'),
(346, '273', 2, '2018-01-11 21:52:59'),
(347, '274', 4, '2018-01-11 21:52:59'),
(348, '275', 4, '2018-01-11 21:53:00'),
(349, '276', 2, '2018-01-11 21:53:00'),
(350, '277', 4, '2018-01-11 21:53:00'),
(351, '278', 2, '2018-01-11 21:53:01'),
(352, '279', 4, '2018-01-11 21:53:01'),
(353, '280', 4, '2018-01-11 21:53:01'),
(354, '281', 2, '2018-01-11 22:38:20'),
(355, '282', 2, '2018-01-11 22:38:21'),
(356, '283', 2, '2018-01-11 22:38:21'),
(357, '284', 2, '2018-01-11 22:38:23'),
(358, '285', 4, '2018-01-11 22:38:23'),
(359, '286', 4, '2018-01-11 22:38:24'),
(360, '287', 2, '2018-01-11 22:38:25'),
(361, '288', 2, '2018-01-11 22:38:25'),
(362, '289', 4, '2018-01-11 22:38:26'),
(363, '290', 2, '2018-01-11 22:38:27'),
(364, '291', 4, '2018-01-11 22:38:27'),
(365, '292', 2, '2018-01-11 22:38:28'),
(366, '293', 4, '2018-01-11 22:38:29'),
(367, '294', 4, '2018-01-11 22:38:29'),
(368, '295', 2, '2018-01-11 22:38:30'),
(369, '296', 2, '2018-01-11 22:38:30'),
(370, '297', 4, '2018-01-11 22:38:31'),
(371, '298', 4, '2018-01-11 22:38:32'),
(372, '299', 4, '2018-01-11 22:38:32'),
(373, '300', 2, '2018-01-11 22:38:33'),
(374, '301', 4, '2018-01-12 17:27:48'),
(375, '302', 4, '2018-01-12 17:28:23'),
(376, '303', 4, '2018-01-12 17:32:09'),
(377, '304', 4, '2018-01-12 17:32:38'),
(378, '305', 4, '2018-01-12 17:32:40'),
(379, '001', 1, '2018-01-13 06:21:34'),
(380, '002', 1, '2018-01-13 06:22:54'),
(381, '001', 1, '2018-01-13 07:18:30'),
(382, '002', 1, '2018-01-13 07:19:29'),
(383, '000', 1, '2018-01-13 07:31:38'),
(384, '001', 1, '2018-01-26 00:18:40'),
(385, '000', 1, '2018-01-26 00:21:39'),
(386, '001', 1, '2018-01-26 00:21:46'),
(387, '002', 1, '2018-01-26 00:22:08'),
(388, '003', 4, '2018-01-26 00:22:09'),
(389, '004', 4, '2018-01-26 00:30:55'),
(390, '005', 1, '2018-01-26 00:30:55'),
(391, '006', 4, '2018-01-26 00:30:55'),
(392, '007', 1, '2018-01-26 00:30:55'),
(393, '008', 1, '2018-01-26 00:30:56'),
(394, '009', 2, '2018-01-26 00:30:57'),
(395, '010', 2, '2018-01-28 02:13:07'),
(396, '011', 2, '2018-01-28 02:13:08'),
(397, '012', 2, '2018-01-28 02:13:42'),
(398, '013', 2, '2018-01-28 02:13:43'),
(399, '014', 1, '2018-01-28 02:13:43'),
(400, '015', 1, '2018-01-28 02:13:43'),
(401, '016', 2, '2018-01-28 02:21:23'),
(402, '017', 2, '2018-01-28 02:21:24'),
(403, '018', 1, '2018-01-28 02:21:24'),
(404, '019', 1, '2018-01-28 02:21:26'),
(405, '020', 1, '2018-01-28 02:21:27'),
(406, '021', 2, '2018-01-28 02:22:01'),
(407, '022', 2, '2018-01-28 02:22:03'),
(408, '023', 1, '2018-01-28 02:22:05'),
(409, '024', 1, '2018-01-28 02:22:09'),
(410, '025', 2, '2018-01-28 02:22:10'),
(411, '026', 2, '2018-01-28 02:22:15'),
(412, '000', 1, '2019-06-27 23:54:31'),
(413, '001', 1, '2019-06-28 16:19:00'),
(414, '002', 1, '2019-06-28 16:19:08'),
(415, '003', 4, '2019-06-28 16:19:10'),
(416, '004', 4, '2019-06-28 16:19:11'),
(417, '000', 1, '2019-06-28 16:22:51'),
(418, '001', 1, '2020-02-13 22:38:52'),
(419, '002', 1, '2020-02-13 22:44:09'),
(420, '003', 4, '2020-02-13 23:12:54'),
(421, '004', 4, '2020-02-13 23:13:48'),
(422, '005', 1, '2020-02-13 23:21:41'),
(423, '006', 4, '2020-02-13 23:22:05'),
(424, '007', 1, '2020-02-13 23:22:09'),
(425, '008', 1, '2020-02-13 23:22:36'),
(426, '000', 1, '2020-02-14 06:15:31'),
(427, '001', 1, '2020-02-14 06:20:43'),
(428, '000', 1, '2020-02-14 06:21:32'),
(429, '000', 1, '2020-02-14 06:22:28'),
(430, '001', 1, '2020-02-14 06:22:53'),
(431, '002', 1, '2020-02-14 06:25:37'),
(432, '003', 4, '2020-02-14 06:28:30'),
(433, '004', 4, '2020-02-14 06:28:51'),
(434, '000', 1, '2020-02-14 06:58:11'),
(435, '001', 1, '2020-02-14 07:04:08'),
(436, '002', 1, '2020-02-14 07:04:20'),
(437, '003', 4, '2020-02-14 07:04:23'),
(438, '004', 4, '2020-02-14 07:04:54'),
(439, '005', 1, '2020-02-14 07:04:56'),
(440, '000', 0, '2020-02-14 17:28:21'),
(441, '000', 0, '2020-02-14 17:28:26');

-- --------------------------------------------------------

--
-- Estructura de tabla para la tabla `usuarios`
--

CREATE TABLE `usuarios` (
  `id` int(11) NOT NULL,
  `usuario` varchar(50) COLLATE utf8_spanish2_ci NOT NULL,
  `password` varchar(255) COLLATE utf8_spanish2_ci NOT NULL,
  `idCaja` int(11) NOT NULL,
  `fecha_alta` datetime NOT NULL,
  `fecha_actualizacion` datetime NOT NULL
) ENGINE=MyISAM DEFAULT CHARSET=utf8 COLLATE=utf8_spanish2_ci;

--
-- Volcado de datos para la tabla `usuarios`
--

INSERT INTO `usuarios` (`id`, `usuario`, `password`, `idCaja`, `fecha_alta`, `fecha_actualizacion`) VALUES
(9, 'laura', '680e89809965ec41e64dc7e447f175ab', 2, '2018-01-11 03:04:27', '0000-00-00 00:00:00'),
(8, 'oscar', 'f156e7995d521f30e6c59a3d6c75e1e5', 1, '2018-01-11 03:04:16', '0000-00-00 00:00:00'),
(10, 'rocio', '325daa03a34823cef2fc367c779561ba', 3, '2018-01-11 03:04:58', '0000-00-00 00:00:00'),
(11, 'patricio', '295299b687749528c9a9e551d11e17ea', 4, '2018-01-11 03:05:07', '0000-00-00 00:00:00'),
(12, 'Alberto', '177dacb14b34103960ec27ba29bd686b', 5, '2020-02-14 17:27:56', '0000-00-00 00:00:00');

--
-- Índices para tablas volcadas
--

--
-- Indices de la tabla `atencion`
--
ALTER TABLE `atencion`
  ADD PRIMARY KEY (`id`);

--
-- Indices de la tabla `cajas`
--
ALTER TABLE `cajas`
  ADD PRIMARY KEY (`id`);

--
-- Indices de la tabla `info_empresa`
--
ALTER TABLE `info_empresa`
  ADD PRIMARY KEY (`id`);

--
-- Indices de la tabla `noticias`
--
ALTER TABLE `noticias`
  ADD PRIMARY KEY (`id`);

--
-- Indices de la tabla `turnos`
--
ALTER TABLE `turnos`
  ADD PRIMARY KEY (`id`);

--
-- Indices de la tabla `usuarios`
--
ALTER TABLE `usuarios`
  ADD PRIMARY KEY (`id`);

--
-- AUTO_INCREMENT de las tablas volcadas
--

--
-- AUTO_INCREMENT de la tabla `atencion`
--
ALTER TABLE `atencion`
  MODIFY `id` int(11) NOT NULL AUTO_INCREMENT, AUTO_INCREMENT=405;

--
-- AUTO_INCREMENT de la tabla `cajas`
--
ALTER TABLE `cajas`
  MODIFY `id` int(11) NOT NULL AUTO_INCREMENT, AUTO_INCREMENT=6;

--
-- AUTO_INCREMENT de la tabla `info_empresa`
--
ALTER TABLE `info_empresa`
  MODIFY `id` int(11) NOT NULL AUTO_INCREMENT, AUTO_INCREMENT=2;

--
-- AUTO_INCREMENT de la tabla `noticias`
--
ALTER TABLE `noticias`
  MODIFY `id` int(11) NOT NULL AUTO_INCREMENT;

--
-- AUTO_INCREMENT de la tabla `turnos`
--
ALTER TABLE `turnos`
  MODIFY `id` int(11) NOT NULL AUTO_INCREMENT, AUTO_INCREMENT=442;

--
-- AUTO_INCREMENT de la tabla `usuarios`
--
ALTER TABLE `usuarios`
  MODIFY `id` int(11) NOT NULL AUTO_INCREMENT, AUTO_INCREMENT=13;
COMMIT;

/*!40101 SET CHARACTER_SET_CLIENT=@OLD_CHARACTER_SET_CLIENT */;
/*!40101 SET CHARACTER_SET_RESULTS=@OLD_CHARACTER_SET_RESULTS */;
/*!40101 SET COLLATION_CONNECTION=@OLD_COLLATION_CONNECTION */;
